id;first_name;city
1;Elbertine;California
2;Marcella;Colorado
3;Daria;Florida
4;Sherilyn;Distric...
5;Ketty;Texas
6;Jethro;California
7;Jeremiah;California
8;Constancia;Texas
9;Muire;Idaho
10;Abigail;Texas
11;Wynne;Georgia
12;Pietra;Minnesota
13;Bram;Iowa
14;Rees;New York
15;Valentijn;California
16;Monique;Missouri
17;Orazio;Louisiana
18;Mason;Texas
19;Alf;Arizona
20;Colette;Texas
21;Laney;Virginia
22;Horace;Texas
23;Chad;California
24;Lina;Texas
25;Maisey;Oklahoma
26;Brett;Kansas
27;Ermin;Ohio
28;Avrit;Texas
29;Dinny;Massach...
30;Winonah;Florida
31;Clemmie;Tennessee
32;Arlinda;Connect...
33;Chloette;Florida
34;Malva;Oklahoma
35;Lavinie;South D...
36;Ray;Ohio
37;Burt;Rhode I...
38;Llywellyn;Ohio
39;Anna-diana;West Vi...
40;Joanna;South D...
41;Alana;California
42;Mort;California
43;Lissie;Nevada
44;Hedvige;Florida
45;Leroy;New Jersey
46;Glendon;Georgia
47;Radcliffe;California
48;Rosalynd;West Vi...
49;Ailee;Texas
50;Trudie;Iowa
51;Gracie;Indiana
52;Paula;New Jersey
53;Cherice;Massach...
54;Henrie;Florida
55;Anthia;California
56;Dalenna;Texas
57;Vernice;Minnesota
58;Cherin;California
59;Viva;Arizona
60;Janaya;Colorado
61;Patrizia;California
62;Hartwell;Idaho
63;Leslie;Pennsyl...
64;Leopold;Florida
65;Thea;Texas
66;Moria;Colorado
67;Raquel;Kansas
68;Russ;North C...
69;Lynnet;Oklahoma
70;Brander;Pennsyl...
71;Moll;North C...
72;Kristyn;Montana
73;Faythe;Louisiana
74;Meier;Texas
75;Sheelah;Florida
76;Gilbertina;Illinois
77;Nerte;Oklahoma
78;Maryellen;Georgia
79;Giffard;Colorado
80;Steffi;Georgia
81;Lita;New York
82;Fred;Texas
83;Nero;Missouri
84;Susette;Texas
85;Karlan;Washington
86;Aurie;Kansas
87;Dyanne;Oklahoma
88;Wallache;Massach...
89;Arlen;Maryland
90;Lynnelle;California
91;Michel;Missouri
